## System ID,Tag Name,Retentive Mode,Initial Value,MODBUS Start Address,MODBUS End Address,Number of Characters,Number of Rows,Number of Columns,Wiring Label,Comment,Forceable,Init Forced,Init Force Value,Remote Access,I/O Address,Data Type,Structure Type,BOW Details
## 3.0
SBR-001008,"1 Minute Bit",false,"0",,,,,,,"On for 30 seconds and Off for 30 seconds",,,,false,,"SBR",,false
SBR-001009,"2 Second Bit",false,"0",,,,,,,"On for 1 second and Off for 1 second",,,,false,,"SBR",,false
SBR-001002,"Always Off Bit",false,"0",,,,,,,"always off",,,,false,,"SBR",,false
C-000088,"Always On Bit",false,"0",,,,,,,,false,false,"0",false,,"C",,false
SBR-001017,"Array out of range error",false,"0",,,,,,,"On if an array index is outside the range of the array",,,,false,,"SBR",,false
SWR-001514,"Array range error rung location",false,"0",,,,,,,"Rung Number in which ""Array out of range error"" occurred",,,,false,,"SWR",,false
SWR-001513,"Array range error task location",false,"0",,,,,,,"Task Number in which ""Array out of range error"" occurred",,,,false,,"SWR",,false
SWR-001506,"Avg Logic Scan Time [x100=usec]",false,"0",,,,,,,"average logic scan time",,,,false,,"SWR",,false
SWR-001503,"Avg Scan Interval [x100=usec]",false,"0",,,,,,,"average overall scan time",,,,false,,"SWR",,false
F32-000564,"Avg_Edge_Position",false,"0.0",,,,,,,,false,false,"0.0",false,,"F32",,false
SBR-001006,"Battery Disabled",false,"0",,,,,,,"On if the ""CPU Battery Alarm"" is disabled in H/W Configuration",,,,false,,"SBR",,false
SBR-001005,"Battery Low Bit",false,"0",,,,,,,"On if the battery is weak (""CPU Battery Alarm"" in H/W Configuration)",,,,false,,"SBR",,false
SWR-001518,"Battery Voltage",false,"0",,,,,,,"battery voltage in 10ths of a volt",,,,false,,"SWR",,false
SSTR-000041,"CPU Event Log String 01",false,,,,50,,,,"most recent CPU event log message",,,,false,,"SSTR",,false
SSTR-000042,"CPU Event Log String 02",false,,,,50,,,,"2nd most recent CPU event log message",,,,false,,"SSTR",,false
SSTR-000043,"CPU Event Log String 03",false,,,,50,,,,"3rd most recent CPU event log message",,,,false,,"SSTR",,false
SSTR-000044,"CPU Event Log String 04",false,,,,50,,,,"4th most recent CPU event log message",,,,false,,"SSTR",,false
SSTR-000045,"CPU Event Log String 05",false,,,,50,,,,"5th most recent CPU event log message",,,,false,,"SSTR",,false
SSTR-000046,"CPU Event Log String 06",false,,,,50,,,,"6th most recent CPU event log message",,,,false,,"SSTR",,false
SSTR-000047,"CPU Event Log String 07",false,,,,50,,,,"7th most recent CPU event log message",,,,false,,"SSTR",,false
SSTR-000048,"CPU Event Log String 08",false,,,,50,,,,"8th most recent CPU event log message",,,,false,,"SSTR",,false
SSTR-000049,"CPU Event Log String 09",false,,,,50,,,,"9th most recent CPU event log message",,,,false,,"SSTR",,false
SSTR-000050,"CPU Event Log String 10",false,,,,50,,,,"10th most recent CPU event log message",,,,false,,"SSTR",,false
SSTR-000051,"CPU Event Log String 11",false,,,,50,,,,"11th most recent CPU event log message",,,,false,,"SSTR",,false
SSTR-000052,"CPU Event Log String 12",false,,,,50,,,,"12th most recent CPU event log message",,,,false,,"SSTR",,false
SSTR-000053,"CPU Event Log String 13",false,,,,50,,,,"13th most recent CPU event log message",,,,false,,"SSTR",,false
SSTR-000054,"CPU Event Log String 14",false,,,,50,,,,"14th most recent CPU event log message",,,,false,,"SSTR",,false
SSTR-000055,"CPU Event Log String 15",false,,,,50,,,,"15th most recent CPU event log message",,,,false,,"SSTR",,false
SSTR-000056,"CPU Event Log String 16",false,,,,50,,,,"16th most recent CPU event log message",,,,false,,"SSTR",,false
SSTR-000057,"CPU Event Log String 17",false,,,,50,,,,"17th most recent CPU event log message",,,,false,,"SSTR",,false
SSTR-000058,"CPU Event Log String 18",false,,,,50,,,,"18th most recent CPU event log message",,,,false,,"SSTR",,false
SSTR-000059,"CPU Event Log String 19",false,,,,50,,,,"19th most recent CPU event log message",,,,false,,"SSTR",,false
SSTR-000060,"CPU Event Log String 20",false,,,,50,,,,"20th most recent CPU event log message",,,,false,,"SSTR",,false
SSTR-000101,"CPU Model Name",false,,,,50,,,,"CPU Model (ex: ""P3-550"")",,,,false,,"SSTR",,false
SSTR-000102,"CPU Program File Name",false,,,,50,,,,"CPU program file name",,,,false,,"SSTR",,false
SBR-001001,"CPU in Run",false,"0",,,,,,,"On during Run or Debug mode",,,,false,,"SBR",,false
S32-000122,"CV",false,"0",,,,,,,,false,false,"0",false,,"S32",,false
SWR-001523,"Clock Day",false,"0",,,,,,,"current Real Time Clock Calendar Day",,,,false,,"SWR",,false
SWRW-001754,"Clock Day Set",false,"0",,,,,,,"new Real Time Clock Day (set all 3 date values then set ""Initiate_New_Date"" on)",,,,false,,"SWRW",,false
SWR-001522,"Clock Day of Week",false,"0",,,,,,,"current Real Time Clock Day of the week (1=Mon ...7=Sun)",,,,false,,"SWR",,false
SWR-001521,"Clock Hours",false,"0",,,,,,,"current Real Time Clock Hours",,,,false,,"SWR",,false
SWRW-001753,"Clock Hours Set",false,"0",,,,,,,"new Real Time Clock Hours (set all 3 time values then set ""Initiate_New_Time"" on)",,,,false,,"SWRW",,false
SWR-001520,"Clock Minutes",false,"0",,,,,,,"current Real Time Clock Minutes",,,,false,,"SWR",,false
SWRW-001752,"Clock Minutes Set",false,"0",,,,,,,"new Real Time Clock Minutes (set all 3 time values then set ""Initiate_New_Time"" on)",,,,false,,"SWRW",,false
SWR-001524,"Clock Month",false,"0",,,,,,,"current Real Time Clock Calendar Month",,,,false,,"SWR",,false
SWRW-001755,"Clock Month Set",false,"0",,,,,,,"new Real Time Clock Month (set all 3 date values then set ""Initiate_New_Date"" on)",,,,false,,"SWRW",,false
SWR-001519,"Clock Seconds",false,"0",,,,,,,"current Real Time Clock Seconds",,,,false,,"SWR",,false
SWRW-001751,"Clock Seconds Set",false,"0",,,,,,,"new Real Time Clock Seconds (set all 3 time values then set ""Initiate_New_Time"" on)",,,,false,,"SWRW",,false
SWR-001525,"Clock Year",false,"0",,,,,,,"current Real Time Clock Calendar Year",,,,false,,"SWR",,false
SWRW-001756,"Clock Year Set",false,"0",,,,,,,"new Real Time Clock Year (set all 3 date values then set ""Initiate_New_Date"" on)",,,,false,,"SWRW",,false
C-000056,"Complete",false,"0",,,,,,,,false,false,"0",false,,"C",,false
F32-000567,"Corrected Hole Size",false,"0.0",,,,,,,,false,false,"0.0",false,,"F32",,false
SBR-001012,"Critical Error Bit",false,"0",,,,,,,"On when a critical error is active",,,,false,,"SBR",,false
SWR-000001,"Critical Error Log 01",false,"0",,,,,,,"most recent critical error",,,,false,,"SWR",,false
SWR-000002,"Critical Error Log 02",false,"0",,,,,,,"2nd most recent critical error",,,,false,,"SWR",,false
SWR-000003,"Critical Error Log 03",false,"0",,,,,,,"3rd most recent critical error",,,,false,,"SWR",,false
SWR-000004,"Critical Error Log 04",false,"0",,,,,,,"4th most recent critical error",,,,false,,"SWR",,false
SWR-000005,"Critical Error Log 05",false,"0",,,,,,,"5th most recent critical error",,,,false,,"SWR",,false
SWR-000006,"Critical Error Log 06",false,"0",,,,,,,"6th most recent critical error",,,,false,,"SWR",,false
SWR-000007,"Critical Error Log 07",false,"0",,,,,,,"7th most recent critical error",,,,false,,"SWR",,false
SWR-000008,"Critical Error Log 08",false,"0",,,,,,,"8th most recent critical error",,,,false,,"SWR",,false
SWR-000009,"Critical Error Log 09",false,"0",,,,,,,"9th most recent critical error",,,,false,,"SWR",,false
SWR-000010,"Critical Error Log 10",false,"0",,,,,,,"10th most recent critical error",,,,false,,"SWR",,false
SWR-000011,"Critical Error Log 11",false,"0",,,,,,,"11th most recent critical error",,,,false,,"SWR",,false
SWR-000012,"Critical Error Log 12",false,"0",,,,,,,"12th most recent critical error",,,,false,,"SWR",,false
SWR-000013,"Critical Error Log 13",false,"0",,,,,,,"13th most recent critical error",,,,false,,"SWR",,false
SWR-000014,"Critical Error Log 14",false,"0",,,,,,,"14th most recent critical error",,,,false,,"SWR",,false
SWR-000015,"Critical Error Log 15",false,"0",,,,,,,"15th most recent critical error",,,,false,,"SWR",,false
SWR-000016,"Critical Error Log 16",false,"0",,,,,,,"16th most recent critical error",,,,false,,"SWR",,false
SWR-000017,"Critical Error Log 17",false,"0",,,,,,,"17th most recent critical error",,,,false,,"SWR",,false
SWR-000018,"Critical Error Log 18",false,"0",,,,,,,"18th most recent critical error",,,,false,,"SWR",,false
SWR-000019,"Critical Error Log 19",false,"0",,,,,,,"19th most recent critical error",,,,false,,"SWR",,false
SWR-000020,"Critical Error Log 20",false,"0",,,,,,,"20th most recent critical error",,,,false,,"SWR",,false
SSTR-000001,"Critical Error Log String 01",false,,,,50,,,,"most recent critical error message",,,,false,,"SSTR",,false
SSTR-000002,"Critical Error Log String 02",false,,,,50,,,,"2nd most recent critical error message",,,,false,,"SSTR",,false
SSTR-000003,"Critical Error Log String 03",false,,,,50,,,,"3rd most recent critical error message",,,,false,,"SSTR",,false
SSTR-000004,"Critical Error Log String 04",false,,,,50,,,,"4th most recent critical error message",,,,false,,"SSTR",,false
SSTR-000005,"Critical Error Log String 05",false,,,,50,,,,"5th most recent critical error message",,,,false,,"SSTR",,false
SSTR-000006,"Critical Error Log String 06",false,,,,50,,,,"6th most recent critical error message",,,,false,,"SSTR",,false
SSTR-000007,"Critical Error Log String 07",false,,,,50,,,,"7th most recent critical error message",,,,false,,"SSTR",,false
SSTR-000008,"Critical Error Log String 08",false,,,,50,,,,"8th most recent critical error message",,,,false,,"SSTR",,false
SSTR-000009,"Critical Error Log String 09",false,,,,50,,,,"9th most recent critical error message",,,,false,,"SSTR",,false
SSTR-000010,"Critical Error Log String 10",false,,,,50,,,,"10th most recent critical error message",,,,false,,"SSTR",,false
SSTR-000011,"Critical Error Log String 11",false,,,,50,,,,"11th most recent critical error message",,,,false,,"SSTR",,false
SSTR-000012,"Critical Error Log String 12",false,,,,50,,,,"12th most recent critical error message",,,,false,,"SSTR",,false
SSTR-000013,"Critical Error Log String 13",false,,,,50,,,,"13th most recent critical error message",,,,false,,"SSTR",,false
SSTR-000014,"Critical Error Log String 14",false,,,,50,,,,"14th most recent critical error message",,,,false,,"SSTR",,false
SSTR-000015,"Critical Error Log String 15",false,,,,50,,,,"15th most recent critical error message",,,,false,,"SSTR",,false
SSTR-000016,"Critical Error Log String 16",false,,,,50,,,,"16th most recent critical error message",,,,false,,"SSTR",,false
SSTR-000017,"Critical Error Log String 17",false,,,,50,,,,"17th most recent critical error message",,,,false,,"SSTR",,false
SSTR-000018,"Critical Error Log String 18",false,,,,50,,,,"18th most recent critical error message",,,,false,,"SSTR",,false
SSTR-000019,"Critical Error Log String 19",false,,,,50,,,,"19th most recent critical error message",,,,false,,"SSTR",,false
SSTR-000020,"Critical Error Log String 20",false,,,,50,,,,"20th most recent critical error message",,,,false,,"SSTR",,false
F32-000647,"CrossProduct_Current_Side",false,"0.0",,,,,,,,false,false,"0.0",false,,"F32",,false
F32-000644,"CrossProduct_Prev_Side",false,"0.0",,,,,,,,false,false,"0.0",false,,"F32",,false
SWR-001510,"Current Critical Error",false,"0",,,,,,,"current critical error number",,,,false,,"SWR",,false
SWR-001516,"Current I/O Config Error Base",false,"0",,,,,,,"I/O base in which ""I/O Configuration Error"" occurred",,,,false,,"SWR",,false
SWR-001515,"Current I/O Config Error Group",false,"0",,,,,,,"I/O group in which ""I/O Configuration Error"" occurred",,,,false,,"SWR",,false
SWR-001517,"Current I/O Config Error Slot",false,"0",,,,,,,"I/O slot in which ""I/O Configuration Error"" occurred",,,,false,,"SWR",,false
SWR-001511,"Current Non-critical Error",false,"0",,,,,,,"current noncritical error number",,,,false,,"SWR",,false
S32-000121,"CurrentCutCount",false,"0",,,,,,,,false,false,"0",false,,"S32",,false
S32-000124,"CurrentLoopCount",false,"0",,,,,,,,false,false,"0",false,,"S32",,false
C-000082,"CutCycleComplete",false,"0",,,,,,,,false,false,"0",false,,"C",,false
C-000520,"CutCycleReset",false,"0",,,,,,,,false,false,"0",false,,"C",,false
SSTRUC-000003,"Cutting Motor",false,,,,,,,,"System Structure for Velocity Move",,,,false,,"SSTRUC","VMOV",false
S32-000075,"Cutting Motor Degrees",false,"0",,,,,,,,false,false,"0",false,,"S32",,false
C-000048,"Cutting Motor Off",false,"0",,,,,,,,true,false,"0",false,,"C",,false
C-000043,"Cutting Motor On",false,"0",,,,,,,,true,false,"0",false,,"C",,false
C-000042,"Cutting Motor.Complete",false,"0",,,,,,,,false,false,"0",false,,"C","VMOV",false
C-000041,"Cutting Motor.InProgress",false,"0",,,,,,,,false,false,"0",false,,"C","VMOV",false
F32-000022,"Cutting Motor.Jerk",false,"0.0",,,,,,,,false,false,"0.0",false,,"F32","VMOV",false
F32-000023,"Cutting Motor.RampRate",false,"0.0",,,,,,,,true,false,"0.0",false,,"F32","VMOV",false
F32-000024,"Cutting Motor.RegCapture",false,"0.0",,,,,,,,false,false,"0.0",false,,"F32","VMOV",false
S32-000037,"Cutting Motor.RegCount",false,"0",,,,,,,,false,false,"0",false,,"S32","VMOV",false
F32-000025,"Cutting Motor.RegDecel",false,"0.0",,,,,,,,false,false,"0.0",false,,"F32","VMOV",false
S32-000038,"Cutting Motor.RegDelay",false,"0",,,,,,,,false,false,"0",false,,"S32","VMOV",false
F32-000026,"Cutting Motor.RegPulseTime",false,"0.0",,,,,,,,false,false,"0.0",false,,"F32","VMOV",false
S32-000042,"Cutting Motor.Status",false,"0",,,,,,,,false,false,"0",false,,"S32","VMOV",false
F32-000027,"Cutting Motor.Velocity",false,"0.0",,,,,,,,true,false,"0.0",false,,"F32","VMOV",false
C-000087,"CycleDie",false,"0",,,,,,,,false,false,"0",false,,"C",,false
C-000108,"DN",false,"0",,,,,,,,false,false,"0",false,,"C",,false
DO-0.1.1.3,"DO-0.1.1.3",false,"0",,,,,,,,false,false,"0",false,"DO-0.1.1.3","DO",,false
DO-0.1.1.4,"DO-0.1.1.4",false,"0",,,,,,,,false,false,"0",false,"DO-0.1.1.4","DO",,false
DO-0.1.1.5,"DO-0.1.1.5",false,"0",,,,,,,,false,false,"0",false,"DO-0.1.1.5","DO",,false
DO-0.1.1.6,"DO-0.1.1.6",false,"0",,,,,,,,false,false,"0",false,"DO-0.1.1.6","DO",,false
F32-000626,"Degrees_lat_to_Meters",false,"0.0",,,,,,,,false,false,"0.0",false,,"F32",,false
F32-000623,"Degrees_long_to_Meters",false,"0.0",,,,,,,,false,false,"0.0",false,,"F32",,false
F32-000067,"Desired Die Position MM",false,"0.0",,,,,,,,true,false,"0.0",false,,"F32",,false
F32-000544,"DiameterIn",false,"0.0",,,,,,,,false,false,"0.0",false,,"F32",,false
F32-000115,"Diameter_MM",false,"0.0",,,,,,,,false,false,"0.0",false,,"F32",,false
F32-000530,"Diameter_in",false,"0.0",,,,,,,,false,false,"0.0",false,,"F32",,false
S32-000118,"Die Edge Position Analog",false,"0",,,,,,,,false,false,"0",false,,"AIS32",,false
F32-000074,"Die Index Position",false,"0.0",,,,,,,,false,false,"0.0",false,,"F32",,false
F32-000566,"Die Index Position1",false,"0.0",,,,,,,,false,false,"0.0",false,,"F32",,false
F32-000078,"Die Index Ramp Rate",false,"0.0",,,,,,,,false,false,"0.0",false,,"F32",,false
F32-000073,"Die Index Target",false,"0.0",,,,,,,,true,false,"0.0",false,,"F32",,false
F32-000077,"Die Index Velocity",false,"0.0",,,,,,,,false,false,"0.0",false,,"F32",,false
SSTRUC-000009,"Die Position",false,,,,,,,,"System Structure for Simple Move",,,,false,,"SSTRUC","SMOV",false
F32-000071,"Die Position Capture",false,"0.0",,,,,,,,false,false,"0.0",false,,"F32",,false
C-000078,"Die Position Home",false,"0",,,,,,,,true,false,"0",false,,"DI",,false
C-000063,"Die Position Move Enable",false,"0",,,,,,,,true,false,"0",false,,"C",,false
C-000072,"Die Position Move Reset",false,"0",,,,,,,,false,false,"0",false,,"C",,false
F32-000072,"Die Position Target",false,"0.0",,,,,,,,false,false,"0.0",false,,"F32",,false
C-000076,"Die Position Zero",false,"0",,,,,,,,true,false,"0",false,,"DI",,false
F32-000061,"Die Position.Accel",false,"0.0",,,,,,,,true,false,"0.0",false,,"F32","SMOV",false
C-000062,"Die Position.Complete",false,"0",,,,,,,,true,false,"0",false,,"C","SMOV",false
F32-000062,"Die Position.Decel",false,"0.0",,,,,,,,true,false,"0.0",false,,"F32","SMOV",false
C-000061,"Die Position.InProgress",false,"0",,,,,,,,false,false,"0",false,,"C","SMOV",false
F32-000063,"Die Position.Jerk",false,"0.0",,,,,,,,false,false,"0.0",false,,"F32","SMOV",false
S32-000106,"Die Position.Preset1Target",false,"0",,,,,,,,false,false,"0",false,,"S32","SMOV",false
S32-000107,"Die Position.Preset2Target",false,"0",,,,,,,,false,false,"0",false,,"S32","SMOV",false
S32-000105,"Die Position.PresetPulseTime",false,"0",,,,,,,,false,false,"0",false,,"S32","SMOV",false
S32-000102,"Die Position.RegCapture",false,"0",,,,,,,,false,false,"0",false,,"S32","SMOV",false
S32-000099,"Die Position.RegCount",false,"0",,,,,,,,false,false,"0",false,,"S32","SMOV",false
S32-000101,"Die Position.RegDecel",false,"0",,,,,,,,false,false,"0",false,,"S32","SMOV",false
S32-000100,"Die Position.RegDelay",false,"0",,,,,,,,false,false,"0",false,,"S32","SMOV",false
S32-000103,"Die Position.RegPulseTime",false,"0",,,,,,,,false,false,"0",false,,"S32","SMOV",false
S32-000108,"Die Position.Status",false,"0",,,,,,,,false,false,"0",false,,"S32","SMOV",false
F32-000064,"Die Position.Target",false,"0.0",,,,,,,,true,false,"0.0",false,,"F32","SMOV",false
F32-000065,"Die Position.Velocity",false,"0.0",,,,,,,,true,false,"0.0",false,,"F32","SMOV",false
C-000070,"Die Run",false,"0",,,,,,,,false,false,"0",false,,"C",,false
F32-000079,"Die Table MM",false,"0.0",,,,,,,,false,false,"0.0",false,,"F32",,false
AIS32-0.1.2.2,"Die Table Position Analog",false,"0",,,,,,,,false,false,"0",false,"AIS32-0.1.2.2","AIS32",,false
F32-000080,"Die Table Position MM",false,"0.0",,,,,,,,false,false,"0.0",false,,"F32",,false
F32-000070,"DieAccelDecelRate",false,"0.0",,,,,,,,false,false,"0.0",false,,"F32",,false
S32-000116,"DieOutOfPosition",false,"0",,,,,,,,false,false,"0",false,,"S32",,false
AIS32-0.1.2.3,"Ditcher Analog",false,"0",,,,,,,,false,false,"0",false,"AIS32-0.1.2.3","AIS32",,false
F32-000524,"Ditcher Ramp Rate",false,"0.0",,,,,,,,false,false,"0.0",false,,"F32",,false
F32-000525,"DitcherTarget",false,"0.0",,,,,,,,false,false,"0.0",false,,"F32",,false
F32-000523,"DitcherVelocity",false,"0.0",,,,,,,,false,false,"0.0",false,,"F32",,false
C-000093,"DoneBit",false,"0",,,,,,,,false,false,"0",false,,"C",,false
C-000077,"Drivetrain Enable",false,"0",,,,,,,,true,false,"0",false,,"DI",,false
F32-000040,"Edge Position MM",false,"22",,,,,,,,false,false,"0.0",false,,"F32",,false
F32-000076,"Edge Position Reference Zero",false,"0.0",,,,,,,,false,false,"0.0",false,,"F32",,false
AIS32-0.1.2.1,"Edge Sensor Analog",false,"0",,,,,,,,false,false,"0",false,"AIS32-0.1.2.1","AIS32",,false
SSTRUC-000006,"Edge_Home_Position",false,,,,,,,,"System Structure for Find Home",,,,false,,"SSTRUC","HOME",false
F32-000043,"Edge_Home_Position.Accel",false,"0.0",,,,,,,,true,false,"0.0",false,,"F32","HOME",false
C-000052,"Edge_Home_Position.Complete",false,"0",,,,,,,,true,false,"0",false,,"C","HOME",false
F32-000044,"Edge_Home_Position.Decel",false,"0.0",,,,,,,,true,false,"0.0",false,,"F32","HOME",false
C-000051,"Edge_Home_Position.InProgress",false,"0",,,,,,,,false,false,"0",false,,"C","HOME",false
F32-000045,"Edge_Home_Position.Position",false,"0.0",,,,,,,,true,false,"0.0",false,,"F32","HOME",false
F32-000046,"Edge_Home_Position.Speed1",false,"0.0",,,,,,,,true,false,"0.0",false,,"F32","HOME",false
F32-000047,"Edge_Home_Position.Speed2",false,"0.0",,,,,,,,true,false,"0.0",false,,"F32","HOME",false
F32-000048,"Edge_Home_Position.Status",false,"0.0",,,,,,,,false,false,"0.0",false,,"F32","HOME",false
C-000080,"EnableCut",false,"0",,,,,,,,false,false,"0",false,,"C",,false
F32-000605,"Encoder_Reference",false,"0.0",,,,,,,,false,false,"0.0",false,,"F32",,false
F32-000565,"Error Correction",false,"0.0",,,,,,,,false,false,"0.0",false,,"F32",,false
SWR-001526,"Ethernet Speed [External]",false,"0",,,,,,,"""Ethernet"" port speed (Ethernet 10 or 100)",,,,false,,"SWR",,false
SWR-001527,"Ethernet Speed [Internal]",false,"0",,,,,,,"""Remote I/O"" port speed (Ethernet 10 or 100)",,,,false,,"SWR",,false
SBR-001004,"Every Other Scan Bit",false,"0",,,,,,,"toggles at the start of each scan",,,,false,,"SBR",,false
SWR-001509,"Firmware Version",false,"0",,,,,,,"CPU Firmware Version Number in Hex (ex: 0x0102 is version 01.02 or 1.2)",,,,false,,"SWR",,false
SSTR-000104,"Firmware Version[CPU]",false,,,,50,,,,"CPU firmware version viewed as 001.000.009.023",,,,false,,"SSTR",,false
SWR-001528,"Firmware Version[major]",false,"0",,,,,,,"CPU firmware Major version number in hex. (ex:  0x0100 =  major version 1.0)",,,,false,,"SWR",,false
SWR-001529,"Firmware Version[minor]",false,"0",,,,,,,"CPU firmware Minor version number in hex. (ex: 0x0917 = minor version 9.23)",,,,false,,"SWR",,false
SBR-001003,"First Scan Bit",false,"0",,,,,,,"On during first scan in Run or Debug mode",,,,false,,"SBR",,false
SWR-001530,"First Scan Interval [x100=usec]",false,"0",,,,,,,"Holds the value of the First Scan time",,,,false,,"SWR",,false
SBR-001007,"Forces Enabled",false,"0",,,,,,,"On if any forces are enabled",,,,false,,"SBR",,false
C-000549,"GPS_Complete_Flag",false,"0",,,,,,,,false,false,"0",false,,"C",,false
F32-000617,"GPS_Current_Heading_F",false,"0.0",,,,,,,,false,false,"0.0",false,,"F32",,false
F32-000613,"GPS_Current_Lat_F",false,"0.0",,,,,,,,false,false,"0.0",false,,"F32",,false
F32-000615,"GPS_Current_Long_F",false,"0.0",,,,,,,,false,false,"0.0",false,,"F32",,false
C-000550,"GPS_New_Data_Ready_Pulse",false,"0",,,,,,,,false,false,"0",false,,"C",,false
F32-000618,"GPS_Prev_Heading_F",false,"0.0",,,,,,,,false,false,"0.0",false,,"F32",,false
F32-000614,"GPS_Prev_Lat_F",false,"0.0",,,,,,,,false,false,"0.0",false,,"F32",,false
F32-000616,"GPS_Prev_Long_F",false,"0.0",,,,,,,,false,false,"0.0",false,,"F32",,false
C-000552,"GPS_Signal_Valid_Flag",false,"0",,,,,,,,false,false,"0",false,,"C",,false
F32-000629,"Heading_rad",false,"0.0",,,,,,,,false,false,"0.0",false,,"F32",,false
F32-000082,"HighLimit",false,"0.0",,,,,,,,false,false,"0.0",false,,"F32",,false
F32-000053,"Hole Size",false,"0.0",,,,,,,,true,false,"0.0",false,,"F32",,false
F32-000087,"HoleDistance1",false,"0.0",,,,,,,,false,false,"0.0",false,,"F32",,false
F32-000096,"HoleDistance10",false,"0.0",,,,,,,,false,false,"0.0",false,,"F32",,false
F32-000111,"HoleDistance11",false,"0.0",,,,,,,,false,false,"0.0",false,,"F32",,false
F32-000112,"HoleDistance12",false,"0.0",,,,,,,,false,false,"0.0",false,,"F32",,false
F32-000113,"HoleDistance13",false,"0.0",,,,,,,,false,false,"0.0",false,,"F32",,false
F32-000088,"HoleDistance2",false,"0.0",,,,,,,,false,false,"0.0",false,,"F32",,false
F32-000089,"HoleDistance3",false,"0.0",,,,,,,,false,false,"0.0",false,,"F32",,false
F32-000090,"HoleDistance4",false,"0.0",,,,,,,,false,false,"0.0",false,,"F32",,false
F32-000091,"HoleDistance5",false,"0.0",,,,,,,,false,false,"0.0",false,,"F32",,false
F32-000092,"HoleDistance6",false,"0.0",,,,,,,,false,false,"0.0",false,,"F32",,false
F32-000093,"HoleDistance7",false,"0.0",,,,,,,,false,false,"0.0",false,,"F32",,false
F32-000094,"HoleDistance8",false,"0.0",,,,,,,,false,false,"0.0",false,,"F32",,false
F32-000095,"HoleDistance9",false,"0.0",,,,,,,,false,false,"0.0",false,,"F32",,false
F32-000604,"HolePercentComplete",false,"0.0",,,,,,,,false,false,"0.0",false,,"F32",,false
F32-000558,"HoleS1",false,"0.0",,,,,,,,false,false,"0.0",false,,"F32",,false
F32-000574,"HoleS10",false,"0.0",,,,,,,,false,false,"0.0",false,,"F32",,false
F32-000575,"HoleS11",false,"0.0",,,,,,,,false,false,"0.0",false,,"F32",,false
F32-000576,"HoleS12",false,"0.0",,,,,,,,false,false,"0.0",false,,"F32",,false
F32-000577,"HoleS13",false,"0.0",,,,,,,,false,false,"0.0",false,,"F32",,false
F32-000578,"HoleS14",false,"0.0",,,,,,,,false,false,"0.0",false,,"F32",,false
F32-000579,"HoleS15",false,"0.0",,,,,,,,false,false,"0.0",false,,"F32",,false
F32-000580,"HoleS16",false,"0.0",,,,,,,,false,false,"0.0",false,,"F32",,false
F32-000581,"HoleS17",false,"0.0",,,,,,,,false,false,"0.0",false,,"F32",,false
F32-000582,"HoleS18",false,"0.0",,,,,,,,false,false,"0.0",false,,"F32",,false
F32-000583,"HoleS19",false,"0.0",,,,,,,,false,false,"0.0",false,,"F32",,false
F32-000559,"HoleS2",false,"0.0",,,,,,,,false,false,"0.0",false,,"F32",,false
F32-000584,"HoleS20",false,"0.0",,,,,,,,false,false,"0.0",false,,"F32",,false
F32-000585,"HoleS21",false,"0.0",,,,,,,,false,false,"0.0",false,,"F32",,false
F32-000586,"HoleS22",false,"0.0",,,,,,,,false,false,"0.0",false,,"F32",,false
S32-000173,"HoleS23",false,"0",,,,,,,,false,false,"0",false,,"S32",,false
F32-000587,"HoleS24",false,"0.0",,,,,,,,false,false,"0.0",false,,"F32",,false
F32-000588,"HoleS25",false,"0.0",,,,,,,,false,false,"0.0",false,,"F32",,false
F32-000589,"HoleS26",false,"0.0",,,,,,,,false,false,"0.0",false,,"F32",,false
F32-000590,"HoleS27",false,"0.0",,,,,,,,false,false,"0.0",false,,"F32",,false
F32-000591,"HoleS28",false,"0.0",,,,,,,,false,false,"0.0",false,,"F32",,false
F32-000592,"HoleS29",false,"0.0",,,,,,,,false,false,"0.0",false,,"F32",,false
F32-000560,"HoleS3",false,"0.0",,,,,,,,false,false,"0.0",false,,"F32",,false
F32-000593,"HoleS30",false,"0.0",,,,,,,,false,false,"0.0",false,,"F32",,false
F32-000594,"HoleS31",false,"0.0",,,,,,,,false,false,"0.0",false,,"F32",,false
F32-000595,"HoleS32",false,"0.0",,,,,,,,false,false,"0.0",false,,"F32",,false
F32-000596,"HoleS33",false,"0.0",,,,,,,,false,false,"0.0",false,,"F32",,false
F32-000597,"HoleS34",false,"0.0",,,,,,,,false,false,"0.0",false,,"F32",,false
F32-000598,"HoleS35",false,"0.0",,,,,,,,false,false,"0.0",false,,"F32",,false
F32-000599,"HoleS36",false,"0.0",,,,,,,,false,false,"0.0",false,,"F32",,false
F32-000600,"HoleS37",false,"0.0",,,,,,,,false,false,"0.0",false,,"F32",,false
F32-000601,"HoleS38",false,"0.0",,,,,,,,false,false,"0.0",false,,"F32",,false
F32-000602,"HoleS39",false,"0.0",,,,,,,,false,false,"0.0",false,,"F32",,false
F32-000561,"HoleS4",false,"0.0",,,,,,,,false,false,"0.0",false,,"F32",,false
F32-000603,"HoleS40",false,"0.0",,,,,,,,false,false,"0.0",false,,"F32",,false
F32-000562,"HoleS5",false,"0.0",,,,,,,,false,false,"0.0",false,,"F32",,false
F32-000570,"HoleS6",false,"0.0",,,,,,,,false,false,"0.0",false,,"F32",,false
F32-000571,"HoleS7",false,"0.0",,,,,,,,false,false,"0.0",false,,"F32",,false
F32-000572,"HoleS8",false,"0.0",,,,,,,,false,false,"0.0",false,,"F32",,false
F32-000573,"HoleS9",false,"0.0",,,,,,,,false,false,"0.0",false,,"F32",,false
F32-000545,"HoleSize1",false,"0.0",,,,,,,,false,false,"0.0",false,,"F32",,false
F32-000554,"HoleSize10",false,"0.0",,,,,,,,false,false,"0.0",false,,"F32",,false
F32-000555,"HoleSize11",false,"0.0",,,,,,,,false,false,"0.0",false,,"F32",,false
F32-000556,"HoleSize12",false,"0.0",,,,,,,,false,false,"0.0",false,,"F32",,false
F32-000557,"HoleSize13",false,"0.0",,,,,,,,false,false,"0.0",false,,"F32",,false
F32-000568,"HoleSize14",false,"0.0",,,,,,,,false,false,"0.0",false,,"F32",,false
F32-000569,"HoleSize15",false,"0.0",,,,,,,,false,false,"0.0",false,,"F32",,false
F32-000546,"HoleSize2",false,"0.0",,,,,,,,false,false,"0.0",false,,"F32",,false
F32-000547,"HoleSize3",false,"0.0",,,,,,,,false,false,"0.0",false,,"F32",,false
F32-000548,"HoleSize4",false,"0.0",,,,,,,,false,false,"0.0",false,,"F32",,false
F32-000549,"HoleSize5",false,"0.0",,,,,,,,false,false,"0.0",false,,"F32",,false
F32-000550,"HoleSize6",false,"0.0",,,,,,,,false,false,"0.0",false,,"F32",,false
F32-000551,"HoleSize7",false,"0.0",,,,,,,,false,false,"0.0",false,,"F32",,false
F32-000552,"HoleSize8",false,"0.0",,,,,,,,false,false,"0.0",false,,"F32",,false
F32-000553,"HoleSize9",false,"0.0",,,,,,,,false,false,"0.0",false,,"F32",,false
C-000079,"HomePosition",false,"0",,,,,,,,false,false,"0",false,,"C",,false
C-000089,"Home_Die_Motor",false,"0",,,,,,,,false,false,"0",false,,"C",,false
C-000060,"Home_Postion",false,"0",,,,,,,,true,false,"0",false,,"C",,false
C-000091,"Home_Table_Motor",false,"0",,,,,,,,false,false,"0",false,,"C",,false
SBR-001015,"I/O Configuration Error",false,"0",,,,,,,"On if actual I/O configuration and project I/O configuration do not match",,,,false,,"SBR",,false
SBR-001014,"I/O Error",false,"0",,,,,,,"On for any module error (such as a blown fuse)",,,,false,,"SBR",,false
SWRW-001758,"Identify Module Base Number",false,"0",,,,,,,"base number of module to be identified (See ""Requested Module Name"" tag)",,,,false,,"SWRW",,false
SWRW-001757,"Identify Module Group Number",false,"0",,,,,,,"group number of module to be identified (See ""Requested Module Name"" tag)",,,,false,,"SWRW",,false
SBRW-001005,"Identify Module Request bit",false,"0",,,,,,,"set On to refresh ""Requested Module Name"" tag per the 3 ""Identify"" GBS tags",,,,false,,"SBRW",,false
SWRW-001759,"Identify Module Slot Number",false,"0",,,,,,,"slot number of module to be identified (See ""Requested Module Name"" tag)",,,,false,,"SWRW",,false
STR-000010,"Implement GPS Elevation",false,,,,128,,,,,,,,false,,"STR",,false
STR-000004,"Implement GPS LAT",false,,,,128,,,,,,,,false,,"STR",,false
STR-000009,"Implement GPS LONG",false,,,,128,,,,,,,,false,,"STR",,false
STR-000007,"Implement GPS RAW",false,,,,128,,,,,,,,false,,"STR",,false
STR-000005,"Implement GPS Signal Quality",false,,,,15,,,,,,,,false,,"STR",,false
STR-000013,"Implement GPS Time",false,,,,128,,,,,,,,false,,"STR",,false
C-000057,"InProgress",false,"0",,,,,,,,false,false,"0",false,,"C",,false
C-000543,"In_Disable_Range",false,"0",,,,,,,,false,false,"0",false,,"C",,false
F32-000081,"InchesMoved",false,"0.0",,,,,,,,false,false,"0.0",false,,"F32",,false
C-000111,"IncrementCount",false,"0",,,,,,,,false,false,"0",false,,"C",,false
S32-000123,"Index",false,"0",,,,,,,,false,false,"0",false,,"S32",,false
SBRW-001002,"Initiate_New_Date",false,"0",,,,,,,"set On to change clock date (see ""Clock Year Set"" tag)",,,,false,,"SBRW",,false
SBRW-001001,"Initiate_New_Time",false,"0",,,,,,,"set On to change clock time (see ""Clock Hours Set"" tag)",,,,false,,"SBRW",,false
S32-000085,"Jerk",false,"0",,,,,,,,false,false,"0",false,,"S32",,false
SWR-001504,"Last Logic Scan Time [x100=usec]",false,"0",,,,,,,"most recent logic scan time",,,,false,,"SWR",,false
SWR-001501,"Last Scan Interval [x100=usec]",false,"0",,,,,,,"most recent overall scan time",,,,false,,"SWR",,false
C-000106,"LatchHomeDie",false,"0",,,,,,,,false,false,"0",false,,"C",,false
C-000107,"LatchHomeTable",false,"0",,,,,,,,false,false,"0",false,,"C",,false
C-000109,"LatchHomeTable1",false,"0",,,,,,,,false,false,"0",false,,"C",,false
C-000521,"Light1",false,"0",,,,,,,,false,false,"0",false,,"C",,false
C-000530,"Light10",false,"0",,,,,,,,false,false,"0",false,,"C",,false
C-000531,"Light11",false,"0",,,,,,,,false,false,"0",false,,"C",,false
C-000532,"Light12",false,"0",,,,,,,,false,false,"0",false,,"C",,false
C-000533,"Light13",false,"0",,,,,,,,false,false,"0",false,,"C",,false
C-000535,"Light14",false,"0",,,,,,,,false,false,"0",false,,"C",,false
C-000536,"Light15",false,"0",,,,,,,,false,false,"0",false,,"C",,false
C-000537,"Light16",false,"0",,,,,,,,false,false,"0",false,,"C",,false
C-000538,"Light17",false,"0",,,,,,,,false,false,"0",false,,"C",,false
C-000539,"Light18",false,"0",,,,,,,,false,false,"0",false,,"C",,false
C-000540,"Light19",false,"0",,,,,,,,false,false,"0",false,,"C",,false
C-000525,"Light2",false,"0",,,,,,,,false,false,"0",false,,"C",,false
C-000541,"Light20",false,"0",,,,,,,,false,false,"0",false,,"C",,false
C-000542,"Light21",false,"0",,,,,,,,false,false,"0",false,,"C",,false
C-000524,"Light3",false,"0",,,,,,,,false,false,"0",false,,"C",,false
C-000523,"Light4",false,"0",,,,,,,,false,false,"0",false,,"C",,false
C-000522,"Light5",false,"0",,,,,,,,false,false,"0",false,,"C",,false
C-000526,"Light6",false,"0",,,,,,,,false,false,"0",false,,"C",,false
C-000527,"Light7",false,"0",,,,,,,,false,false,"0",false,,"C",,false
C-000528,"Light8",false,"0",,,,,,,,false,false,"0",false,,"C",,false
C-000529,"Light9",false,"0",,,,,,,,false,false,"0",false,,"C",,false
STR-000001,"Line2",false,,,,10,,,,,,,,false,,"STR",,false
STR-000002,"Line3",false,,,,10,,,,,,,,false,,"STR",,false
STR-000003,"Line4",false,,,,10,,,,,,,,false,,"STR",,false
F32-000636,"Line_P1_x",false,"0.0",,,,,,,,false,false,"0.0",false,,"F32",,false
F32-000639,"Line_P1_y",false,"0.0",,,,,,,,false,false,"0.0",false,,"F32",,false
F32-000637,"Line_P2_x",false,"0.0",,,,,,,,false,false,"0.0",false,,"F32",,false
F32-000640,"Line_P2_y",false,"0.0",,,,,,,,false,false,"0.0",false,,"F32",,false
F32-000638,"Line_vector_x",false,"0.0",,,,,,,,false,false,"0.0",false,,"F32",,false
F32-000641,"Line_vector_y",false,"0.0",,,,,,,,false,false,"0.0",false,,"F32",,false
F32-000627,"Local_Ref_lat",false,"0.0",,,,,,,,false,false,"0.0",false,,"F32",,false
F32-000624,"Local_Ref_long",false,"0.0",,,,,,,,false,false,"0.0",false,,"F32",,false
F32-000083,"LowLimit",false,"0.0",,,,,,,,false,false,"0.0",false,,"F32",,false
MST-0.0.0.1,"MST-0.0.0.1",false,"0",,,,,,,"RS232 Heartbeat Timeout Bit",false,false,"0",false,"MST-0.0.0.1","MST",,false
MST-0.0.0.2,"MST-0.0.0.2",false,"0",,,,,,,"RS232 Port Buffer Full Bit (95% Full)",false,false,"0",false,"MST-0.0.0.2","MST",,false
MST-0.0.0.3,"MST-0.0.0.3",false,"0",,,,,,,"RS232 Port Ready Bit",false,false,"0",false,"MST-0.0.0.3","MST",,false
MST-0.0.0.33,"MST-0.0.0.33",false,"0",,,,,,,"RS485 Heartbeat Timeout Bit",false,false,"0",false,"MST-0.0.0.33","MST",,false
MST-0.0.0.34,"MST-0.0.0.34",false,"0",,,,,,,"RS485 Port Buffer Full Bit (95% Full)",false,false,"0",false,"MST-0.0.0.34","MST",,false
MST-0.0.0.35,"MST-0.0.0.35",false,"0",,,,,,,"RS485 Port Ready Bit",false,false,"0",false,"MST-0.0.0.35","MST",,false
MST-0.0.0.65,"MST-0.0.0.65",false,"0",,,,,,,"Ethernet Heartbeat Timeout Bit",false,false,"0",false,"MST-0.0.0.65","MST",,false
MST-0.0.0.66,"MST-0.0.0.66",false,"0",,,,,,,"Ethernet Port Buffer Full Bit (95% Full)",false,false,"0",false,"MST-0.0.0.66","MST",,false
MST-0.0.0.67,"MST-0.0.0.67",false,"0",,,,,,,"Ethernet Port Ready Bit",false,false,"0",false,"MST-0.0.0.67","MST",,false
MST-0.1.4.1,"MST-0.1.4.1",false,"0",,,,,,,"Module Ready",false,false,"0",false,"MST-0.1.4.1","MST",,false
MST-0.1.4.33,"MST-0.1.4.33",false,"0",,,,,,,"Port 1 Heartbeat Timeout Bit",false,false,"0",false,"MST-0.1.4.33","MST",,false
MST-0.1.4.34,"MST-0.1.4.34",false,"0",,,,,,,"Port 1 Port Buffer Full Bit (95% Full)",false,false,"0",false,"MST-0.1.4.34","MST",,false
MST-0.1.4.35,"MST-0.1.4.35",false,"0",,,,,,,"Port 1 Port Ready Bit",false,false,"0",false,"MST-0.1.4.35","MST",,false
MST-0.1.4.37,"MST-0.1.4.37",false,"0",,,,,,,"Port 1 5V Failed or Overloaded",false,false,"0",false,"MST-0.1.4.37","MST",,false
MST-0.1.4.49,"MST-0.1.4.49",false,"0",,,,,,,"Port 2 Heartbeat Timeout Bit",false,false,"0",false,"MST-0.1.4.49","MST",,false
MST-0.1.4.50,"MST-0.1.4.50",false,"0",,,,,,,"Port 2 Port Buffer Full Bit (95% Full)",false,false,"0",false,"MST-0.1.4.50","MST",,false
MST-0.1.4.51,"MST-0.1.4.51",false,"0",,,,,,,"Port 2 Port Ready Bit",false,false,"0",false,"MST-0.1.4.51","MST",,false
MST-0.1.4.52,"MST-0.1.4.52",false,"0",,,,,,,"Port 2 CTS Timeout",false,false,"0",false,"MST-0.1.4.52","MST",,false
MST-0.1.4.65,"MST-0.1.4.65",false,"0",,,,,,,"Port 3 Heartbeat Timeout Bit",false,false,"0",false,"MST-0.1.4.65","MST",,false
MST-0.1.4.66,"MST-0.1.4.66",false,"0",,,,,,,"Port 3 Port Buffer Full Bit (95% Full)",false,false,"0",false,"MST-0.1.4.66","MST",,false
MST-0.1.4.67,"MST-0.1.4.67",false,"0",,,,,,,"Port 3 Port Ready Bit",false,false,"0",false,"MST-0.1.4.67","MST",,false
MST-0.1.4.68,"MST-0.1.4.68",false,"0",,,,,,,"Port 3 CTS Timeout",false,false,"0",false,"MST-0.1.4.68","MST",,false
MST-0.1.4.81,"MST-0.1.4.81",false,"0",,,,,,,"Port 4 Heartbeat Timeout Bit",false,false,"0",false,"MST-0.1.4.81","MST",,false
MST-0.1.4.82,"MST-0.1.4.82",false,"0",,,,,,,"Port 4 Port Buffer Full Bit (95% Full)",false,false,"0",false,"MST-0.1.4.82","MST",,false
MST-0.1.4.83,"MST-0.1.4.83",false,"0",,,,,,,"Port 4 Port Ready Bit",false,false,"0",false,"MST-0.1.4.83","MST",,false
C-000551,"Master_Enable_bit",false,"0",,,,,,,,false,false,"0",false,,"C",,false
C-000554,"Master_Reset_Button",false,"0",,,,,,,,false,false,"0",false,,"C",,false
C-000086,"MoveDiePosition",false,"0",,,,,,,,false,false,"0",false,,"C",,false
C-000110,"NextHoleSize",false,"0",,,,,,,,false,false,"0",false,,"C",,false
SBR-001013,"Noncritical Error Bit",false,"0",,,,,,,"On when a noncritical error is active",,,,false,,"SBR",,false
SWR-000021,"Noncritical Error Log 01",false,"0",,,,,,,"most recent noncritical error",,,,false,,"SWR",,false
SWR-000022,"Noncritical Error Log 02",false,"0",,,,,,,"2nd most recent noncritical error",,,,false,,"SWR",,false
SWR-000023,"Noncritical Error Log 03",false,"0",,,,,,,"3rd most recent noncritical error",,,,false,,"SWR",,false
SWR-000024,"Noncritical Error Log 04",false,"0",,,,,,,"4th most recent noncritical error",,,,false,,"SWR",,false
SWR-000025,"Noncritical Error Log 05",false,"0",,,,,,,"5th most recent noncritical error",,,,false,,"SWR",,false
SWR-000026,"Noncritical Error Log 06",false,"0",,,,,,,"6th most recent noncritical error",,,,false,,"SWR",,false
SWR-000027,"Noncritical Error Log 07",false,"0",,,,,,,"7th most recent noncritical error",,,,false,,"SWR",,false
SWR-000028,"Noncritical Error Log 08",false,"0",,,,,,,"8th most recent noncritical error",,,,false,,"SWR",,false
SWR-000029,"Noncritical Error Log 09",false,"0",,,,,,,"9th most recent noncritical error",,,,false,,"SWR",,false
SWR-000030,"Noncritical Error Log 10",false,"0",,,,,,,"10th most recent noncritical error",,,,false,,"SWR",,false
SWR-000031,"Noncritical Error Log 11",false,"0",,,,,,,"11th most recent noncritical error",,,,false,,"SWR",,false
SWR-000032,"Noncritical Error Log 12",false,"0",,,,,,,"12th most recent noncritical error",,,,false,,"SWR",,false
SWR-000033,"Noncritical Error Log 13",false,"0",,,,,,,"13th most recent noncritical error",,,,false,,"SWR",,false
SWR-000034,"Noncritical Error Log 14",false,"0",,,,,,,"14th most recent noncritical error",,,,false,,"SWR",,false
SWR-000035,"Noncritical Error Log 15",false,"0",,,,,,,"15th most recent noncritical error",,,,false,,"SWR",,false
SWR-000036,"Noncritical Error Log 16",false,"0",,,,,,,"16th most recent noncritical error",,,,false,,"SWR",,false
SWR-000037,"Noncritical Error Log 17",false,"0",,,,,,,"17th most recent noncritical error",,,,false,,"SWR",,false
SWR-000038,"Noncritical Error Log 18",false,"0",,,,,,,"18th most recent noncritical error",,,,false,,"SWR",,false
SWR-000039,"Noncritical Error Log 19",false,"0",,,,,,,"19th most recent noncritical error",,,,false,,"SWR",,false
SWR-000040,"Noncritical Error Log 20",false,"0",,,,,,,"20th most recent noncritical error",,,,false,,"SWR",,false
SSTR-000021,"Noncritical Error Log String 01",false,,,,50,,,,"most recent noncritical error message",,,,false,,"SSTR",,false
SSTR-000022,"Noncritical Error Log String 02",false,,,,50,,,,"2nd most recent noncritical error message",,,,false,,"SSTR",,false
SSTR-000023,"Noncritical Error Log String 03",false,,,,50,,,,"3rd most recent noncritical error message",,,,false,,"SSTR",,false
SSTR-000024,"Noncritical Error Log String 04",false,,,,50,,,,"4th most recent noncritical error message",,,,false,,"SSTR",,false
SSTR-000025,"Noncritical Error Log String 05",false,,,,50,,,,"5th most recent noncritical error message",,,,false,,"SSTR",,false
SSTR-000026,"Noncritical Error Log String 06",false,,,,50,,,,"6th most recent noncritical error message",,,,false,,"SSTR",,false
SSTR-000027,"Noncritical Error Log String 07",false,,,,50,,,,"7th most recent noncritical error message",,,,false,,"SSTR",,false
SSTR-000028,"Noncritical Error Log String 08",false,,,,50,,,,"8th most recent noncritical error message",,,,false,,"SSTR",,false
SSTR-000029,"Noncritical Error Log String 09",false,,,,50,,,,"9th most recent noncritical error message",,,,false,,"SSTR",,false
SSTR-000030,"Noncritical Error Log String 10",false,,,,50,,,,"10th most recent noncritical error message",,,,false,,"SSTR",,false
SSTR-000031,"Noncritical Error Log String 11",false,,,,50,,,,"11th most recent noncritical error message",,,,false,,"SSTR",,false
SSTR-000032,"Noncritical Error Log String 12",false,,,,50,,,,"12th most recent noncritical error message",,,,false,,"SSTR",,false
SSTR-000033,"Noncritical Error Log String 13",false,,,,50,,,,"13th most recent noncritical error message",,,,false,,"SSTR",,false
SSTR-000034,"Noncritical Error Log String 14",false,,,,50,,,,"14th most recent noncritical error message",,,,false,,"SSTR",,false
SSTR-000035,"Noncritical Error Log String 15",false,,,,50,,,,"15th most recent noncritical error message",,,,false,,"SSTR",,false
SSTR-000036,"Noncritical Error Log String 16",false,,,,50,,,,"16th most recent noncritical error message",,,,false,,"SSTR",,false
SSTR-000037,"Noncritical Error Log String 17",false,,,,50,,,,"17th most recent noncritical error message",,,,false,,"SSTR",,false
SSTR-000038,"Noncritical Error Log String 18",false,,,,50,,,,"18th most recent noncritical error message",,,,false,,"SSTR",,false
SSTR-000039,"Noncritical Error Log String 19",false,,,,50,,,,"19th most recent noncritical error message",,,,false,,"SSTR",,false
SSTR-000040,"Noncritical Error Log String 20",false,,,,50,,,,"20th most recent noncritical error message",,,,false,,"SSTR",,false
SWRW-000251,"Number of Critical Errors",false,"0",,,,,,,"number of critical errors",,,,false,,"SWRW",,false
SWRW-000252,"Number of Non-critical Errors",false,"0",,,,,,,"number of noncritical errors",,,,false,,"SWRW",,false
C-000084,"Ons",false,"0",,,,,,,,false,false,"0",false,,"C",,false
SSTR-000105,"PLC LCD Display[CPU]",false,,,,50,,,,"PLC LCD Data Display",,,,false,,"SSTR",,false
SWR-001505,"Peak Logic Scan Time [x100=usec]",false,"0",,,,,,,"longest logic scan time",,,,false,,"SWR",,false
SWR-001502,"Peak Scan Interval [x100=usec]",false,"0",,,,,,,"longest overall scan time",,,,false,,"SWR",,false
SSTRUC-000001,"PolyPipe",false,,,,,,,,"System Structure for an AMC Module",,,,false,,"SSTRUC","AMC4",false
S32-000007,"PolyPipe.Ax1AxisStatus",false,"0",,,,,,,,false,false,"0",false,,"S32","AMC4",false
S32-000002,"PolyPipe.Ax1Deviation",false,"0",,,,,,,,false,false,"0",false,,"S32","AMC4",false
F32-000021,"PolyPipe.Ax1EncPosition",false,"0.0",,,,,,,,false,false,"0.0",false,,"F32","AMC4",false
C-000002,"PolyPipe.Ax1In1",false,"0",,,,,,,,false,false,"0",false,,"C","AMC4",false
C-000003,"PolyPipe.Ax1In2",false,"0",,,,,,,,false,false,"0",false,,"C","AMC4",false
C-000004,"PolyPipe.Ax1In3",false,"0",,,,,,,,false,false,"0",false,,"C","AMC4",false
C-000005,"PolyPipe.Ax1In4",false,"0",,,,,,,,false,false,"0",false,,"C","AMC4",false
C-000006,"PolyPipe.Ax1In5",false,"0",,,,,,,,false,false,"0",false,,"C","AMC4",false
C-000007,"PolyPipe.Ax1In6",false,"0",,,,,,,,false,false,"0",false,,"C","AMC4",false
C-000008,"PolyPipe.Ax1Out1",false,"0",,,,,,,,false,false,"0",false,,"C","AMC4",false
C-000009,"PolyPipe.Ax1Out2",false,"0",,,,,,,,false,false,"0",false,,"C","AMC4",false
C-000010,"PolyPipe.Ax1Out3",false,"0",,,,,,,,false,false,"0",false,,"C","AMC4",false
F32-000001,"PolyPipe.Ax1Position",false,"0.0",,,,,,,,false,false,"0.0",false,,"F32","AMC4",false
F32-000002,"PolyPipe.Ax1ResetPosition",false,"0.0",,,,,,,,true,false,"0.0",false,,"F32","AMC4",false
F32-000003,"PolyPipe.Ax1Velocity",false,"0.0",,,,,,,,false,false,"0.0",false,,"F32","AMC4",false
S32-000013,"PolyPipe.Ax2AxisStatus",false,"0",,,,,,,,false,false,"0",false,,"S32","AMC4",false
F32-000004,"PolyPipe.Ax2Deviation",false,"0.0",,,,,,,,false,false,"0.0",false,,"F32","AMC4",false
S32-000074,"PolyPipe.Ax2EncPosition",true,"0",,,,,,,,true,false,"0",false,,"S32","AMC4",false
C-000011,"PolyPipe.Ax2In1",false,"0",,,,,,,,false,false,"0",false,,"C","AMC4",false
C-000012,"PolyPipe.Ax2In2",false,"0",,,,,,,,false,false,"0",false,,"C","AMC4",false
C-000013,"PolyPipe.Ax2In3",false,"0",,,,,,,,false,false,"0",false,,"C","AMC4",false
C-000014,"PolyPipe.Ax2In4",false,"0",,,,,,,,false,false,"0",false,,"C","AMC4",false
C-000015,"PolyPipe.Ax2In5",false,"0",,,,,,,,false,false,"0",false,,"C","AMC4",false
C-000016,"PolyPipe.Ax2In6",false,"0",,,,,,,,false,false,"0",false,,"C","AMC4",false
C-000017,"PolyPipe.Ax2Out1",false,"0",,,,,,,,false,false,"0",false,,"C","AMC4",false
C-000018,"PolyPipe.Ax2Out2",false,"0",,,,,,,,false,false,"0",false,,"C","AMC4",false
C-000019,"PolyPipe.Ax2Out3",false,"0",,,,,,,,false,false,"0",false,,"C","AMC4",false
F32-000006,"PolyPipe.Ax2Position",true,"0.0",,,,,,,,true,false,"0.0",false,,"F32","AMC4",false
F32-000007,"PolyPipe.Ax2ResetPosition",false,"0.0",,,,,,,,true,false,"0.0",false,,"F32","AMC4",false
F32-000008,"PolyPipe.Ax2Velocity",false,"0.0",,,,,,,,false,false,"0.0",false,,"F32","AMC4",false
S32-000019,"PolyPipe.Ax3AxisStatus",false,"0",,,,,,,,false,false,"0",false,,"S32","AMC4",false
F32-000009,"PolyPipe.Ax3Deviation",false,"0.0",,,,,,,,false,false,"0.0",false,,"F32","AMC4",false
F32-000010,"PolyPipe.Ax3EncPosition",true,"0.0",,,,,,,,true,false,"0.0",false,,"F32","AMC4",false
C-000020,"PolyPipe.Ax3In1",false,"0",,,,,,,,false,false,"0",false,,"C","AMC4",false
C-000021,"PolyPipe.Ax3In2",false,"0",,,,,,,,false,false,"0",false,,"C","AMC4",false
C-000022,"PolyPipe.Ax3In3",false,"0",,,,,,,,false,false,"0",false,,"C","AMC4",false
C-000023,"PolyPipe.Ax3In4",false,"0",,,,,,,,false,false,"0",false,,"C","AMC4",false
C-000024,"PolyPipe.Ax3In5",false,"0",,,,,,,,false,false,"0",false,,"C","AMC4",false
C-000025,"PolyPipe.Ax3In6",false,"0",,,,,,,,false,false,"0",false,,"C","AMC4",false
C-000026,"PolyPipe.Ax3Out1",false,"0",,,,,,,,false,false,"0",false,,"C","AMC4",false
C-000027,"PolyPipe.Ax3Out2",false,"0",,,,,,,,false,false,"0",false,,"C","AMC4",false
C-000028,"PolyPipe.Ax3Out3",false,"0",,,,,,,,false,false,"0",false,,"C","AMC4",false
F32-000020,"PolyPipe.Ax3Position",true,"0.0",400001,400002,,,,,,true,false,"0.0",false,,"F32","AMC4",false
F32-000037,"PolyPipe.Ax3ResetPosition",false,"0.0",,,,,,,,true,false,"0.0",false,,"F32","AMC4",false
F32-000019,"PolyPipe.Ax3Velocity",false,"0.0",,,,,,,,false,false,"0.0",false,,"F32","AMC4",false
S32-000025,"PolyPipe.Ax4AxisStatus",false,"0",,,,,,,,false,false,"0",false,,"S32","AMC4",false
S32-000020,"PolyPipe.Ax4Deviation",false,"0",,,,,,,,false,false,"0",false,,"S32","AMC4",false
F32-000035,"PolyPipe.Ax4EncPosition",true,"0.0",,,,,,,,true,false,"0.0",false,,"F32","AMC4",false
C-000029,"PolyPipe.Ax4In1",false,"0",,,,,,,,false,false,"0",false,,"C","AMC4",false
C-000030,"PolyPipe.Ax4In2",false,"0",,,,,,,,false,false,"0",false,,"C","AMC4",false
C-000031,"PolyPipe.Ax4In3",false,"0",,,,,,,,false,false,"0",false,,"C","AMC4",false
C-000032,"PolyPipe.Ax4In4",false,"0",,,,,,,,false,false,"0",false,,"C","AMC4",false
C-000033,"PolyPipe.Ax4In5",false,"0",,,,,,,,false,false,"0",false,,"C","AMC4",false
C-000034,"PolyPipe.Ax4In6",false,"0",,,,,,,,false,false,"0",false,,"C","AMC4",false
C-000035,"PolyPipe.Ax4Out1",false,"0",,,,,,,,false,false,"0",false,,"C","AMC4",false
C-000036,"PolyPipe.Ax4Out2",false,"0",,,,,,,,false,false,"0",false,,"C","AMC4",false
C-000037,"PolyPipe.Ax4Out3",false,"0",,,,,,,,false,false,"0",false,,"C","AMC4",false
F32-000036,"PolyPipe.Ax4Position",true,"0.0",,,,,,,,false,false,"0.0",false,,"F32","AMC4",false
F32-000038,"PolyPipe.Ax4ResetPosition",false,"0.0",,,,,,,,true,false,"0.0",false,,"F32","AMC4",false
F32-000034,"PolyPipe.Ax4Velocity",false,"0.0",,,,,,,,false,false,"0.0",false,,"F32","AMC4",false
C-000001,"PolyPipe.ModuleReady",false,"0",,,,,,,,false,false,"0",false,,"C","AMC4",false
S32-000001,"PolyPipe.ModuleStatus",false,"0",,,,,,,,false,false,"0",false,,"S32","AMC4",false
F32-000069,"PolyPipePositionCapture",false,"0.0",,,,,,,,false,false,"0.0",false,,"F32",,false
C-000069,"PolyPipePositionSet",false,"0",,,,,,,,true,false,"0",false,,"C",,false
S32-000109,"PolyPipePunchTrigger",false,"0",,,,,,,,false,false,"0",false,,"S32",,false
SBRW-001006,"Portable Memory Device Eject",false,"0",,,,,,,"Users set to 1(ON) and the system reset to 0 as eject is completed",,,,false,,"SBRW",,false
SBR-000001,"Portable Memory Device Ready",false,"0",,,,,,,"PMD is installed and ready to use",,,,false,,"SBR",,false
F32-000107,"Potent_Edge_scale_mm",false,"0.0",,,,,,,,false,false,"0.0",false,,"F32",,false
F32-000084,"PotentiometerPositionMM",false,"0.0",,,,,,,,false,false,"0.0",false,,"F32",,false
F32-000054,"Preset1Target",false,"0.0",,,,,,,,false,false,"0.0",false,,"F32",,false
F32-000055,"Preset2Target",false,"0.0",,,,,,,,false,false,"0.0",false,,"F32",,false
S32-000086,"PresetPulseTime",false,"0",,,,,,,,false,false,"0",false,,"S32",,false
SWR-001512,"Program Memory Size",false,"0",,,,,,,"current percentage of CPU memory used by the project",,,,false,,"SWR",,false
F32-000563,"R_Edge Position MM",false,"0.0",,,,,,,,false,false,"0.0",false,,"F32",,false
AIS32-0.1.2.4,"R_edge sensor",false,"0",,,,,,,,false,false,"0",false,"AIS32-0.1.2.4","AIS32",,false
SBRW-001003,"Refresh Critical Error Log",false,"0",,,,,,,"set On to refresh the ""Critical Error Log""",,,,false,,"SBRW",,false
SBRW-001004,"Refresh Non-Critical Error Log",false,"0",,,,,,,"set On to refresh the ""Noncritical Error Log""",,,,false,,"SBRW",,false
F32-000056,"RegCapture",false,"0.0",,,,,,,,false,false,"0.0",false,,"F32",,false
S32-000087,"RegCount",false,"0",,,,,,,,false,false,"0",false,,"S32",,false
S32-000088,"RegDecel",false,"0",,,,,,,,false,false,"0",false,,"S32",,false
S32-000089,"RegDelay",false,"0",,,,,,,,false,false,"0",false,,"S32",,false
S32-000090,"RegPulseTime",false,"0",,,,,,,,false,false,"0",false,,"S32",,false
F32-000606,"Relative_Die_Motor_Position",false,"0.0",,,,,,,,false,false,"0.0",false,,"F32",,false
SSTR-000103,"Requested Module Name",false,,,,50,,,,"name of specified module (see ""Identify Module Request bit"")",,,,false,,"SSTR",,false
S32-000125,"Reset",false,"0",,,,,,,,false,false,"0",false,,"S32",,false
C-000085,"ResetPosition",false,"0",,,,,,,,true,false,"0",false,,"C",,false
S32-000110,"Row Spacing Inches",false,"0",,,,,,,,true,false,"0",false,,"S32",,false
S32-000131,"RowCount",false,"0",,,,,,,,false,false,"0",false,,"S32",,false
S32-000142,"RowCount10",false,"0",,,,,,,,false,false,"0",false,,"S32",,false
S32-000143,"RowCount11",false,"0",,,,,,,,false,false,"0",false,,"S32",,false
S32-000144,"RowCount12",false,"0",,,,,,,,false,false,"0",false,,"S32",,false
S32-000145,"RowCount13",false,"0",,,,,,,,false,false,"0",false,,"S32",,false
BCD32-000001,"RowCount14",false,"0",,,,,,,,false,false,"0",false,,"BCD32",,false
S32-000146,"RowCount15",false,"0",,,,,,,,false,false,"0",false,,"S32",,false
S32-000147,"RowCount16",false,"0",,,,,,,,false,false,"0",false,,"S32",,false
S32-000148,"RowCount17",false,"0",,,,,,,,false,false,"0",false,,"S32",,false
S32-000149,"RowCount18",false,"0",,,,,,,,false,false,"0",false,,"S32",,false
S32-000150,"RowCount19",false,"0",,,,,,,,false,false,"0",false,,"S32",,false
S32-000132,"RowCount2",false,"0",,,,,,,,false,false,"0",false,,"S32",,false
S32-000151,"RowCount20",false,"0",,,,,,,,false,false,"0",false,,"S32",,false
S32-000152,"RowCount21",false,"0",,,,,,,,false,false,"0",false,,"S32",,false
S32-000153,"RowCount22",false,"0",,,,,,,,false,false,"0",false,,"S32",,false
S32-000154,"RowCount23",false,"0",,,,,,,,false,false,"0",false,,"S32",,false
S32-000155,"RowCount24",false,"0",,,,,,,,false,false,"0",false,,"S32",,false
S32-000156,"RowCount25",false,"0",,,,,,,,false,false,"0",false,,"S32",,false
S32-000157,"RowCount26",false,"0",,,,,,,,false,false,"0",false,,"S32",,false
S32-000158,"RowCount27",false,"0",,,,,,,,false,false,"0",false,,"S32",,false
S32-000159,"RowCount28",false,"0",,,,,,,,false,false,"0",false,,"S32",,false
S32-000160,"RowCount29",false,"0",,,,,,,,false,false,"0",false,,"S32",,false
S32-000133,"RowCount3",false,"0",,,,,,,,false,false,"0",false,,"S32",,false
S32-000161,"RowCount30",false,"0",,,,,,,,false,false,"0",false,,"S32",,false
S32-000162,"RowCount31",false,"0",,,,,,,,false,false,"0",false,,"S32",,false
S32-000163,"RowCount32",false,"0",,,,,,,,false,false,"0",false,,"S32",,false
S32-000164,"RowCount33",false,"0",,,,,,,,false,false,"0",false,,"S32",,false
S32-000165,"RowCount34",false,"0",,,,,,,,false,false,"0",false,,"S32",,false
S32-000166,"RowCount35",false,"0",,,,,,,,false,false,"0",false,,"S32",,false
S32-000167,"RowCount36",false,"0",,,,,,,,false,false,"0",false,,"S32",,false
S32-000168,"RowCount37",false,"0",,,,,,,,false,false,"0",false,,"S32",,false
S32-000169,"RowCount38",false,"0",,,,,,,,false,false,"0",false,,"S32",,false
S32-000170,"RowCount39",false,"0",,,,,,,,false,false,"0",false,,"S32",,false
S32-000134,"RowCount4",false,"0",,,,,,,,false,false,"0",false,,"S32",,false
S32-000171,"RowCount40",false,"0",,,,,,,,false,false,"0",false,,"S32",,false
S32-000172,"RowCount41",false,"0",,,,,,,,false,false,"0",false,,"S32",,false
S32-000135,"RowCount5",false,"0",,,,,,,,false,false,"0",false,,"S32",,false
S32-000138,"RowCount6",false,"0",,,,,,,,false,false,"0",false,,"S32",,false
S32-000139,"RowCount7",false,"0",,,,,,,,false,false,"0",false,,"S32",,false
S32-000140,"RowCount8",false,"0",,,,,,,,false,false,"0",false,,"S32",,false
S32-000141,"RowCount9",false,"0",,,,,,,,false,false,"0",false,,"S32",,false
S32-000137,"RowNumber",false,"0",,,,,,,,false,false,"0",false,,"S32",,false
S32-000113,"SecondsRunning",false,"0",,,,,,,,false,false,"0",false,,"S32",,false
C-000544,"Sensor_fallingEdge",false,"0",,,,,,,,false,false,"0",false,,"C",,false
F32-000086,"Set_Potent",false,"0.0",,,,,,,,false,false,"0.0",false,,"F32",,false
S32-000091,"Status",false,"0",,,,,,,,false,false,"0",false,,"S32",,false
F32-000085,"Step_Pulses",false,"0.0",,,,,,,,false,false,"0.0",false,,"F32",,false
C-000083,"StopCutCycle",false,"0",,,,,,,,false,false,"0",false,,"C",,false
S32-000114,"StopPosition",false,"0",,,,,,,,false,false,"0",false,,"S32",,false
SBR-001010,"Switch in Run Bit",false,"0",,,,,,,"On if CPU Switch is up (Run)",,,,false,,"SBR",,false
SBR-001011,"Switch in Stop Bit",false,"0",,,,,,,"On if CPU Switch is down (Stop)",,,,false,,"SBR",,false
C-000094,"SystemEnable",false,"0",,,,,,,,false,false,"0",false,,"C",,false
C-000534,"T1_Done",false,"0",,,,,,,,false,false,"0",false,,"C",,false
SSTRUC-000004,"Table Motor",false,,,,,,,,"System Structure for Velocity Move",,,,false,,"SSTRUC","VMOV",false
SSTRUC-000007,"Table Motor Index In",false,,,,,,,,"System Structure for Velocity Move",,,,false,,"SSTRUC","VMOV",false
C-000055,"Table Motor Index In.Complete",false,"0",,,,,,,,false,false,"0",false,,"C","VMOV",false
C-000054,"Table Motor Index In.InProgress",false,"0",,,,,,,,false,false,"0",false,,"C","VMOV",false
S32-000078,"Table Motor Index In.Jerk",false,"0",,,,,,,,false,false,"0",false,,"S32","VMOV",false
F32-000049,"Table Motor Index In.RampRate",false,"0.0",,,,,,,,false,false,"0.0",false,,"F32","VMOV",false
S32-000082,"Table Motor Index In.RegCapture",false,"0",,,,,,,,false,false,"0",false,,"S32","VMOV",false
S32-000079,"Table Motor Index In.RegCount",false,"0",,,,,,,,false,false,"0",false,,"S32","VMOV",false
S32-000081,"Table Motor Index In.RegDecel",false,"0",,,,,,,,false,false,"0",false,,"S32","VMOV",false
S32-000080,"Table Motor Index In.RegDelay",false,"0",,,,,,,,false,false,"0",false,,"S32","VMOV",false
S32-000083,"Table Motor Index In.RegPulseTime",false,"0",,,,,,,,false,false,"0",false,,"S32","VMOV",false
S32-000084,"Table Motor Index In.Status",false,"0",,,,,,,,false,false,"0",false,,"S32","VMOV",false
F32-000050,"Table Motor Index In.Velocity",false,"0.0",,,,,,,,false,false,"0.0",false,,"F32","VMOV",false
C-000044,"Table Motor On",false,"0",,,,,,,,true,false,"0",false,,"C",,false
F32-000108,"Table Motor Ramp Rate",false,"0.0",,,,,,,,false,false,"0.0",false,,"F32",,false
F32-000109,"Table Motor Velocity",false,"0.0",,,,,,,,false,false,"0.0",false,,"F32",,false
C-000046,"Table Motor.Complete",false,"0",,,,,,,,false,false,"0",false,,"C","VMOV",false
C-000045,"Table Motor.InProgress",false,"0",,,,,,,,false,false,"0",false,,"C","VMOV",false
F32-000028,"Table Motor.Jerk",false,"0.0",,,,,,,,false,false,"0.0",false,,"F32","VMOV",false
F32-000029,"Table Motor.RampRate",false,"0.0",,,,,,,,true,false,"0.0",false,,"F32","VMOV",false
F32-000030,"Table Motor.RegCapture",false,"0.0",,,,,,,,false,false,"0.0",false,,"F32","VMOV",false
S32-000046,"Table Motor.RegCount",false,"0",,,,,,,,false,false,"0",false,,"S32","VMOV",false
F32-000031,"Table Motor.RegDecel",false,"0.0",,,,,,,,false,false,"0.0",false,,"F32","VMOV",false
S32-000047,"Table Motor.RegDelay",false,"0",,,,,,,,false,false,"0",false,,"S32","VMOV",false
F32-000032,"Table Motor.RegPulseTime",false,"0.0",,,,,,,,false,false,"0.0",false,,"F32","VMOV",false
S32-000051,"Table Motor.Status",false,"0",,,,,,,,false,false,"0",false,,"S32","VMOV",false
F32-000033,"Table Motor.Velocity",false,"0.0",,,,,,,,true,false,"0.0",false,,"F32","VMOV",false
F32-000608,"Table Ramp Rate",false,"0.0",,,,,,,,false,false,"0.0",false,,"F32",,false
SSTRUC-000005,"Table_Move",false,,,,,,,,"System Structure for Simple Move",,,,false,,"SSTRUC","SMOV",false
F32-000041,"Table_Move.Accel",false,"0.0",,,,,,,,true,false,"0.0",false,,"F32","SMOV",false
C-000050,"Table_Move.Complete",false,"0",,,,,,,,false,false,"0",false,,"C","SMOV",false
F32-000042,"Table_Move.Decel",false,"0.0",,,,,,,,true,false,"0.0",false,,"F32","SMOV",false
C-000049,"Table_Move.InProgress",false,"0",,,,,,,,false,false,"0",false,,"C","SMOV",false
S32-000059,"Table_Move.Jerk",false,"0",,,,,,,,false,false,"0",false,,"S32","SMOV",false
S32-000067,"Table_Move.Preset1Target",false,"0",,,,,,,,false,false,"0",false,,"S32","SMOV",false
S32-000068,"Table_Move.Preset2Target",false,"0",,,,,,,,false,false,"0",false,,"S32","SMOV",false
S32-000066,"Table_Move.PresetPulseTime",false,"0",,,,,,,,false,false,"0",false,,"S32","SMOV",false
S32-000063,"Table_Move.RegCapture",false,"0",,,,,,,,false,false,"0",false,,"S32","SMOV",false
S32-000060,"Table_Move.RegCount",false,"0",,,,,,,,false,false,"0",false,,"S32","SMOV",false
S32-000062,"Table_Move.RegDecel",false,"0",,,,,,,,false,false,"0",false,,"S32","SMOV",false
S32-000061,"Table_Move.RegDelay",false,"0",,,,,,,,false,false,"0",false,,"S32","SMOV",false
S32-000064,"Table_Move.RegPulseTime",false,"0",,,,,,,,false,false,"0",false,,"S32","SMOV",false
S32-000065,"Table_Move.Status",false,"0",,,,,,,,false,false,"0",false,,"S32","SMOV",false
F32-000052,"Table_Move.Target",false,"0.0",,,,,,,,true,false,"0.0",false,,"F32","SMOV",false
F32-000051,"Table_Move.Velocity",false,"0.0",,,,,,,,true,false,"0.0",false,,"F32","SMOV",false
C-000071,"Target Die Position Complete",false,"0",,,,,,,,false,false,"0",false,,"C",,false
F32-000068,"Target Die Position MM",false,"0.0",,,,,,,,false,false,"0.0",false,,"F32",,false
F32-000075,"Target Die Position Test",false,"0.0",,,,,,,,true,false,"0.0",false,,"F32",,false
BCD32-000002,"Temp_Signal_Quality_Int",false,"0",,,,,,,,false,false,"0",false,,"BCD32",,false
F32-000645,"Temp_cp_current_term1",false,"0.0",,,,,,,,false,false,"0.0",false,,"F32",,false
F32-000646,"Temp_cp_current_term2",false,"0.0",,,,,,,,false,false,"0.0",false,,"F32",,false
F32-000642,"Temp_cp_prev_term1",false,"0.0",,,,,,,,false,false,"0.0",false,,"F32",,false
F32-000643,"Temp_cp_prev_term2",false,"0.0",,,,,,,,false,false,"0.0",false,,"F32",,false
F32-000625,"Temp_x_current",false,"0.0",,,,,,,,false,false,"0.0",false,,"F32",,false
F32-000628,"Temp_y_current",false,"0.0",,,,,,,,false,false,"0.0",false,,"F32",,false
C-000090,"TestEdgePosZero",false,"0",,,,,,,,false,false,"0",false,,"C",,false
DI-0.1.3.1,"TestHomeSwitch",false,"0",,,,,,,,false,false,"0",false,"DI-0.1.3.1","DI",,false
S32-000112,"TimeRunning",false,"0",,,,,,,,false,false,"0",false,,"S32",,false
SSTRUC-000002,"Top Motor",false,,,,,,,,"System Structure for Velocity Move",,,,false,,"SSTRUC","VMOV",false
C-000040,"Top Motor On",false,"0",,,,,,,,true,false,"0",false,,"C",,false
C-000039,"Top Motor.Complete",false,"0",,,,,,,,false,false,"0",false,,"C","VMOV",false
C-000038,"Top Motor.InProgress",false,"0",,,,,,,,false,false,"0",false,,"C","VMOV",false
F32-000011,"Top Motor.Jerk",true,"0.0",,,,,,,,false,false,"0.0",false,,"F32","VMOV",false
F32-000012,"Top Motor.RampRate",true,"0.0",,,,,,,,true,false,"0.0",false,,"F32","VMOV",false
F32-000013,"Top Motor.RegCapture",false,"0.0",,,,,,,,false,false,"0.0",false,,"F32","VMOV",false
S32-000029,"Top Motor.RegCount",false,"0",,,,,,,,false,false,"0",false,,"S32","VMOV",false
F32-000014,"Top Motor.RegDecel",false,"0.0",,,,,,,,false,false,"0.0",false,,"F32","VMOV",false
F32-000015,"Top Motor.RegDelay",false,"0.0",,,,,,,,false,false,"0.0",false,,"F32","VMOV",false
F32-000016,"Top Motor.RegPulseTime",false,"0.0",,,,,,,,false,false,"0.0",false,,"F32","VMOV",false
F32-000017,"Top Motor.Status",false,"0.0",,,,,,,,false,false,"0.0",false,,"F32","VMOV",false
F32-000018,"Top Motor.Velocity",true,"0.0",,,,,,,,true,false,"0.0",false,,"F32","VMOV",false
SWR-001507,"Total Scan Count1",false,"0",,,,,,,"total number of scans since entering Run mode (S32 low word)",,,,false,,"SWR",,false
SWR-001508,"Total Scan Count2",false,"0",,,,,,,"total number of scans since entering Run mode (S32 high word)",,,,false,,"SWR",,false
S32-000136,"Total_Row_Number",false,"0",,,,,,,,false,false,"0",false,,"S32",,false
STR-000006,"Tractor GPS Positioning Mode",false,,,,15,,,,,,,,false,,"STR",,false
STR-000012,"Tractor GPS RAW",false,,,,128,,,,,,,,false,,"STR",,false
STR-000011,"Tractor GPS Speed Kilometers/hr",false,,,,15,,,,,,,,false,,"STR",,false
STR-000008,"Tractor GPS True Heading",false,,,,15,,,,,,,,false,,"STR",,false
F32-000619,"Tractor_Current_X_",false,"0.0",,,,,,,,false,false,"0.0",false,,"F32",,false
F32-000621,"Tractor_Current_y",false,"0.0",,,,,,,,false,false,"0.0",false,,"F32",,false
F32-000620,"Tractor_Prev_X",false,"0.0",,,,,,,,false,false,"0.0",false,,"F32",,false
F32-000622,"Tractor_Prev_y",false,"0.0",,,,,,,,false,false,"0.0",false,,"F32",,false
C-000081,"TriggerCut",false,"0",,,,,,,,true,false,"0",true,,"C",,false
C-000519,"TriggerCutAtPosition",false,"0",,,,,,,,false,false,"0",false,,"C",,false
S32-000115,"TriggerPosition",false,"0",,,,,,,,false,false,"0",false,,"S32",,false
S32-000053,"Was_AIS32-0.1.3.1",false,"0",,,,,,,,false,false,"0",false,,"AIS32",,false
C-000066,"Was_DI-0.1.4.2",false,"0",,,,,,,,false,false,"0",false,,"DI",,false
C-000068,"Was_DI-0.1.4.3",false,"0",,,,,,,,false,false,"0",false,,"DI",,false
SBR-001016,"Watchdog Timeout",false,"0",,,,,,,"On if the actual scan time has exceeded the limit set in the project",,,,false,,"SBR",,false
F32-000116,"area_in",false,"0.0",,,,,,,,false,false,"0.0",false,,"F32",,false
F32-000117,"area_mm",false,"0.0",,,,,,,,false,false,"0.0",false,,"F32",,false
C-000092,"block",false,"0",,,,,,,,false,false,"0",false,,"C",,false
F32-000630,"cos_heading",false,"0.0",,,,,,,,false,false,"0.0",false,,"F32",,false
F32-000607,"cyclic_position",false,"0.0",,,,,,,,false,false,"0.0",false,,"F32",,false
F32-000609,"die Ramp Rate",false,"0.0",,,,,,,,false,false,"0.0",false,,"F32",,false
F32-000610,"die velocity",false,"0.0",,,,,,,,false,false,"0.0",false,,"F32",,false
DO-0.1.1.2,"ditcher_down",false,"0",,,,,,,,false,false,"0",false,"DO-0.1.1.2","DO",,false
DO-0.1.1.1,"ditcher_up",false,"0",,,,,,,,false,false,"0",false,"DO-0.1.1.1","DO",,false
S32-000119,"dummydint",false,"0",,,,,,,,false,false,"0",false,,"S32",,false
C-000553,"line_crossed_latched",false,"0",,,,,,,,false,false,"0",false,,"C",,false
DI-0.1.3.2,"move die motor",false,"0",,,,,,,,false,false,"0",false,"DI-0.1.3.2","DI",,false
C-000548,"move die positive",false,"0",,,,,,,,false,false,"0",false,,"C",,false
DI-0.1.3.3,"move table motor",false,"0",,,,,,,,false,false,"0",false,"DI-0.1.3.3","DI",,false
C-000545,"move table neg",false,"0",,,,,,,,false,false,"0",false,,"C",,false
C-000546,"move table pos",false,"0",,,,,,,,false,false,"0",false,,"C",,false
DI-0.1.3.4,"move top motor",false,"0",,,,,,,,false,false,"0",false,"DI-0.1.3.4","DI",,false
C-000547,"move top negative",false,"0",,,,,,,,false,false,"0",false,,"C",,false
F32-000632,"offset_forward_meters",false,"0.0",,,,,,,,false,false,"0.0",false,,"F32",,false
F32-000633,"offset_sideways_meters",false,"0.0",,,,,,,,false,false,"0.0",false,,"F32",,false
F32-000634,"offset_x_world_meters",false,"0.0",,,,,,,,false,false,"0.0",false,,"F32",,false
F32-000635,"offset_y_world_meters",false,"0.0",,,,,,,,false,false,"0.0",false,,"F32",,false
F32-000631,"sin_heading",false,"0.0",,,,,,,,false,false,"0.0",false,,"F32",,false
F32-000611,"table velocity",false,"0.0",,,,,,,,false,false,"0.0",false,,"F32",,false
S32-000120,"timerValue",false,"0",,,,,,,,false,false,"0",false,,"S32",,false
S32-000174,"top Ramp Rate",false,"0",,,,,,,,false,false,"0",false,,"S32",,false
F32-000612,"top velocity",false,"0.0",,,,,,,,false,false,"0.0",false,,"F32",,false
